alias,governorate
tunis tunis,Tunis
TUNIS,Tunis
tunis,Tunis
centre ville tunis,Tunis
centre ville tunis tunis,Tunis
CENTRE VILLE TUNIS,Tunis
centrevilletunis,Tunis
centre-ville-tunis,Tunis
MEDINA,Tunis
medina tunis,Tunis
medina,Tunis
bab bhar,Tunis
bab bhar tunis,Tunis
babbhar,Tunis
BAB BHAR,Tunis
bab-bhar,Tunis
bab souika tunis,Tunis
babsouika,Tunis
bab souika,Tunis
BAB SOUIKA,Tunis
bab-souika,Tunis
lac-1,Tunis
lac1,Tunis
lac 1,Tunis
lac 1 tunis,Tunis
LAC 1,Tunis
lac 2,Tunis
LAC 2,Tunis
lac 2 tunis,Tunis
lac2,Tunis
lac-2,Tunis
BERGE DU LAC,Tunis
berge-du-lac,Tunis
berge du lac,Tunis
berge du lac tunis,Tunis
bergedulac,Tunis
carthage tunis,Tunis
carthage,Tunis
CARTHAGE,Tunis
la marsa,Tunis
la-marsa,Tunis
la marsa tunis,Tunis
lamarsa,Tunis
LA MARSA,Tunis
SIDI BOU SAID,Tunis
sidi bou said tunis,Tunis
sidibousaid,Tunis
sidi bou said,Tunis
sidi-bou-said,Tunis
bardo tunis,Tunis
BARDO,Tunis
bardo,Tunis
ksarsaid,Tunis
ksar said,Tunis
ksar-said,Tunis
KSAR SAID,Tunis
ksar said tunis,Tunis
ariana tunis,Ariana
ARIANA,Ariana
ariana,Ariana
ennasr tunis,Ariana
ENNASR,Ariana
ennasr,Ariana
MENZAH,Ariana
menzah tunis,Ariana
menzah,Ariana
ghazela tunis,Ariana
GHAZELA,Ariana
ghazela,Ariana
raoued,Ariana
RAOUED,Ariana
raoued tunis,Ariana
soukra,Ariana
SOUKRA,Ariana
soukra tunis,Ariana
BORJ LOUZIR,Ariana
borj-louzir,Ariana
borj louzir tunis,Ariana
borjlouzir,Ariana
borj louzir,Ariana
ben-arous,Ben Arous
ben arous tunis,Ben Arous
BEN AROUS,Ben Arous
benarous,Ben Arous
ben arous,Ben Arous
RADES,Ben Arous
rades,Ben Arous
rades tunis,Ben Arous
megrine,Ben Arous
megrine tunis,Ben Arous
MEGRINE,Ben Arous
MOUROUJ,Ben Arous
mourouj,Ben Arous
mourouj tunis,Ben Arous
HAMMAM LIF,Ben Arous
hammam lif,Ben Arous
hammam-lif,Ben Arous
hammamlif,Ben Arous
hammam lif tunis,Ben Arous
hammamchatt,Ben Arous
hammam chatt,Ben Arous
hammam chatt tunis,Ben Arous
hammam-chatt,Ben Arous
HAMMAM CHATT,Ben Arous
MANOUBA,Manouba
manouba,Manouba
manouba tunis,Manouba
denden,Manouba
den-den,Manouba
den den,Manouba
den den tunis,Manouba
DEN DEN,Manouba
oued-ellil,Manouba
ouedellil,Manouba
OUED ELLIL,Manouba
oued ellil tunis,Manouba
oued ellil,Manouba
tebourba tunis,Manouba
TEBOURBA,Manouba
tebourba,Manouba
douar hicher tunis,Manouba
douar hicher,Manouba
DOUAR HICHER,Manouba
douarhicher,Manouba
douar-hicher,Manouba
nabeul tunis,Nabeul
nabeul,Nabeul
NABEUL,Nabeul
HAMMAMET,Nabeul
hammamet,Nabeul
hammamet tunis,Nabeul
kelibia,Nabeul
kelibia tunis,Nabeul
KELIBIA,Nabeul
korba tunis,Nabeul
korba,Nabeul
KORBA,Nabeul
DAR CHAABANE,Nabeul
dar-chaabane,Nabeul
dar chaabane,Nabeul
dar chaabane tunis,Nabeul
darchaabane,Nabeul
MENZEL TEMIME,Nabeul
menzeltemime,Nabeul
menzel temime tunis,Nabeul
menzel temime,Nabeul
menzel-temime,Nabeul
zaghouan,Zaghouan
zaghouan tunis,Zaghouan
ZAGHOUAN,Zaghouan
birmcherga,Zaghouan
bir mcherga,Zaghouan
BIR MCHERGA,Zaghouan
bir mcherga tunis,Zaghouan
bir-mcherga,Zaghouan
ZRIBIA,Zaghouan
zribia tunis,Zaghouan
zribia,Zaghouan
bizerte,Bizerte
BIZERTE,Bizerte
bizerte tunis,Bizerte
mateur,Bizerte
MATEUR,Bizerte
mateur tunis,Bizerte
ras-jebel,Bizerte
RAS JEBEL,Bizerte
ras jebel,Bizerte
rasjebel,Bizerte
ras jebel tunis,Bizerte
menzel bourguiba,Bizerte
menzel bourguiba tunis,Bizerte
menzel-bourguiba,Bizerte
MENZEL BOURGUIBA,Bizerte
menzelbourguiba,Bizerte
BEJA,Beja
beja tunis,Beja
beja,Beja
TESTOUR,Beja
testour tunis,Beja
testour,Beja
NEFZA,Beja
nefza tunis,Beja
nefza,Beja
jendouba,Jendouba
JENDOUBA,Jendouba
jendouba tunis,Jendouba
TABARKA,Jendouba
tabarka,Jendouba
tabarka tunis,Jendouba
ain-draham,Jendouba
aindraham,Jendouba
ain draham,Jendouba
ain draham tunis,Jendouba
AIN DRAHAM,Jendouba
KEF,Kef
kef tunis,Kef
kef,Kef
TAJEROUINE,Kef
tajerouine,Kef
tajerouine tunis,Kef
NEBBER,Kef
nebber tunis,Kef
nebber,Kef
siliana,Siliana
siliana tunis,Siliana
SILIANA,Siliana
gaafour tunis,Siliana
GAAFOUR,Siliana
gaafour,Siliana
bouarada tunis,Siliana
bouarada,Siliana
BOUARADA,Siliana
KAIROUAN,Kairouan
kairouan tunis,Kairouan
kairouan,Kairouan
chebika tunis,Kairouan
chebika,Kairouan
CHEBIKA,Kairouan
hajeb,Kairouan
HAJEB,Kairouan
hajeb tunis,Kairouan
KASSERINE,Kasserine
kasserine tunis,Kasserine
kasserine,Kasserine
SBEITLA,Kasserine
sbeitla tunis,Kasserine
sbeitla,Kasserine
foussana,Kasserine
FOUSSANA,Kasserine
foussana tunis,Kasserine
SIDI BOUZID,Sidi Bouzid
sidibouzid,Sidi Bouzid
sidi bouzid tunis,Sidi Bouzid
sidi bouzid,Sidi Bouzid
sidi-bouzid,Sidi Bouzid
MEKNASSY,Sidi Bouzid
meknassy,Sidi Bouzid
meknassy tunis,Sidi Bouzid
REGUEB,Sidi Bouzid
regueb,Sidi Bouzid
regueb tunis,Sidi Bouzid
sousse,Sousse
sousse tunis,Sousse
SOUSSE,Sousse
KANTAOUI,Sousse
kantaoui,Sousse
kantaoui tunis,Sousse
hammamsousse,Sousse
hammam-sousse,Sousse
hammam sousse tunis,Sousse
HAMMAM SOUSSE,Sousse
hammam sousse,Sousse
msaken tunis,Sousse
msaken,Sousse
MSAKEN,Sousse
MONASTIR,Monastir
monastir tunis,Monastir
monastir,Monastir
ksarhellal,Monastir
ksar-hellal,Monastir
ksar hellal tunis,Monastir
KSAR HELLAL,Monastir
ksar hellal,Monastir
JEMMAL,Monastir
jemmal tunis,Monastir
jemmal,Monastir
MAHDIA,Mahdia
mahdia tunis,Mahdia
mahdia,Mahdia
EL JEM,Mahdia
el jem,Mahdia
eljem,Mahdia
el jem tunis,Mahdia
el-jem,Mahdia
KSOUR ESSAF,Mahdia
ksour-essaf,Mahdia
ksour essaf tunis,Mahdia
ksour essaf,Mahdia
ksouressaf,Mahdia
sfax tunis,Sfax
SFAX,Sfax
sfax,Sfax
SAKIET EZZIT,Sfax
sakietezzit,Sfax
sakiet ezzit tunis,Sfax
sakiet ezzit,Sfax
sakiet-ezzit,Sfax
thyna tunis,Sfax
thyna,Sfax
THYNA,Sfax
gabes tunis,Gabes
gabes,Gabes
GABES,Gabes
el hamma,Gabes
EL HAMMA,Gabes
el-hamma,Gabes
el hamma tunis,Gabes
elhamma,Gabes
metouia tunis,Gabes
metouia,Gabes
METOUIA,Gabes
MEDENINE,Medenine
medenine,Medenine
medenine tunis,Medenine
zarzis,Medenine
zarzis tunis,Medenine
ZARZIS,Medenine
ben-guerdane,Medenine
ben guerdane,Medenine
BEN GUERDANE,Medenine
benguerdane,Medenine
ben guerdane tunis,Medenine
TATAOUINE,Tataouine
tataouine,Tataouine
tataouine tunis,Tataouine
GREMDA,Tataouine
gremda,Tataouine
gremda tunis,Tataouine
GAFSA,Gafsa
gafsa tunis,Gafsa
gafsa,Gafsa
metlaoui tunis,Gafsa
METLAOUI,Gafsa
metlaoui,Gafsa
redayef tunis,Gafsa
REDAYEF,Gafsa
redayef,Gafsa
TOZEUR,Tozeur
tozeur tunis,Tozeur
tozeur,Tozeur
degache,Tozeur
DEGACHE,Tozeur
degache tunis,Tozeur
kebili tunis,Kebili
kebili,Kebili
KEBILI,Kebili
douz tunis,Kebili
douz,Kebili
DOUZ,Kebili
